userId,movieId,rating,timestamp
100,1,5,1524343888
56,1,2.5,1735272220
85,1,4,1476950356
52,1,4,1453321486
114,1,4,1472135455
20,1,4,1733961758
5,1,3,1580580129
110,1,5,1704029710
26,1,4.5,1465747036
93,1,3.5,1621852427
19,1,4,1442906936
55,1,4,1462654911
25,1,3.5,1563414436
88,1,3,1731439396
108,1,2,1493855445
84,1,4,1648675688
34,1,2.5,1569853213
70,1,4,1651563275
83,1,2,1610907912
72,1,4,1427356926
27,1,2.5,1731332501
2,1,3,1608793182
32,1,2.5,1617560991
40,1,2.5,1729508366
11,1,5,1708324684
43,1,4.5,1516133953
10,1,2.5,1607961855
21,1,4,1674003358
71,1,4.5,1446084294
15,1,4,1579443615
97,1,3,1468349123
41,1,4,1730537138
99,1,5,1424776274
96,1,3.5,1682466203
60,1,4,1633647808
101,1,4,1665013929
46,1,2.5,1566530512
44,1,4.5,1630799743
115,1,4.5,1487670060
29,1,3,1604407711
74,1,2,1547383504
45,1,4,1655559198
64,1,3,1530436642
107,1,2.5,1567768911
38,1,5,1577330770
106,1,2,1704258413
62,1,4.5,1518895426
67,1,3.5,1515382581
78,1,2,1692336074
18,1,3.5,1693471058
94,1,3,1456555043
63,1,3,1549826781
102,1,4,1524708662
13,1,5,1510585967
9,1,3.5,1522537206
12,1,2.5,1698125519
36,1,2,1595998736
116,1,2.5,1483269299
111,1,2,1572186685
65,1,4,1662492688
105,1,5,1588181925
47,1,2,1499845029
68,1,3.5,1452375641
80,1,3,1443051161
30,1,4.5,1573041394
79,1,3.5,1443147452
4,1,2,1532546204
17,1,2.5,1665489273
109,1,2.5,1579435539
75,1,4,1563353297
120,2,2.5,1651412959
108,2,3,1425767067
16,2,4,1615985898
34,2,5,1443086771
74,2,2,1680902863
44,2,4.5,1430603969
105,2,4,1442379200
11,2,2,1529882460
86,2,3.5,1544087568
89,2,4,1451130714
28,2,3.5,1707260066
96,2,3.5,1731901574
48,2,2,1597261422
45,2,4.5,1624449792
51,2,2.5,1605618779
100,2,4.5,1647793026
1,2,3,1716057817
57,2,5,1429429007
106,2,2,1438098023
92,2,2.5,1459350845
8,2,2,1663356875
58,2,4.5,1525415016
25,2,4,1470651988
104,2,4,1600913406
71,2,4.5,1531996023
36,2,4,1579143541
19,2,4.5,1593038243
21,2,4.5,1570002335
17,2,5,1423342548
38,2,2,1472923820
76,2,2.5,1456196081
15,2,4.5,1423024555
68,2,3.5,1483454465
18,2,5,1669238654
65,2,3.5,1619557884
41,2,4,1677478586
119,2,4.5,1521180480
35,2,3,1716326096
107,2,2.5,1484392507
116,2,2,1660935495
22,2,2,1451748686
26,2,4,1553448490
103,2,4,1439880471
6,2,3.5,1472309173
60,2,5,1615225328
24,2,2.5,1529109483
64,2,3.5,1571555585
46,2,4.5,1530391221
49,2,3.5,1634232856
14,2,2.5,1695602970
50,3,3,1699798870
94,3,4.5,1525832397
43,3,2.5,1636203385
49,3,5,1640755082
32,3,4.5,1580636371
11,3,5,1563583543
16,3,2,1562393073
67,3,3.5,1515090448
10,3,2,1658458833
86,3,3.5,1495194376
115,3,2.5,1656125443
20,3,5,1442775225
31,3,5,1672975510
83,3,3,1699255584
41,3,4,1513703634
108,3,2.5,1438126904
70,3,2,1704768027
97,3,2,1708919671
37,3,2.5,1503205095
26,3,4.5,1460305395
8,3,2.5,1692385069
60,3,3,1450315427
24,3,2.5,1466387511
82,3,5,1610302867
85,3,2.5,1699170733
15,3,2.5,1669481074
117,3,4,1525327989
87,3,5,1658918660
16,4,2.5,1522102588
99,4,2,1650527464
18,4,5,1711369729
97,4,2,1568823389
26,4,2.5,1524584918
35,4,2.5,1468265608
21,4,3.5,1620568947
64,4,5,1500993209
78,4,5,1725513002
93,4,4,1732088716
92,4,4,1556484776
53,4,4,1465149538
39,4,5,1560796216
84,4,2,1716159140
2,4,3.5,1571161442
55,4,2.5,1457992841
77,4,5,1433771811
10,4,3.5,1665178909
67,4,3.5,1659738567
118,4,5,1463571507
57,4,4,1556599376
28,4,5,1594313042
8,4,3,1475997031
58,4,5,1465377126
108,4,4,1521681152
70,4,2.5,1579788208
1,4,3,1658169644
87,4,5,1700655236
37,4,4,1653229618
107,4,2.5,1580055236
63,4,4,1565861955
13,4,4.5,1498685996
7,4,3,1503781942
42,4,3.5,1638736287
66,4,5,1470082798
49,4,4,1483624697
94,4,2.5,1532900547
95,4,3,1637945170
91,4,4,1658978095
73,4,4.5,1718519158
31,4,5,1714827775
88,4,2.5,1728008919
43,4,4.5,1562207006
51,4,4.5,1570093861
48,4,5,1556882279
86,4,4,1437903069
47,4,3.5,1704127510
15,4,3,1684449692
82,4,3,1666800483
29,4,4.5,1446919247
61,4,5,1446702717
6,4,4,1642866906
19,4,4.5,1624777562
76,4,3.5,1666587362
46,4,2.5,1447651125
23,4,3,1483702537
85,4,5,1592693219
90,4,5,1466386689
83,4,5,1567773929
79,4,4,1543385008
5,4,2.5,1652315121
96,4,2.5,1536650704
112,4,3.5,1655130306
104,4,4,1570206751
98,4,2.5,1629781978
41,4,2,1508838638
33,4,2.5,1615341779
25,4,5,1448221944
32,4,3.5,1674408042
50,4,2,1690967448
20,4,2.5,1648454671
105,4,2,1664209185
120,4,4,1653658144
103,4,3.5,1448988898
52,4,4.5,1484600665
80,4,4.5,1655440575
30,4,4.5,1508245935
72,4,3,1466614355
65,4,3.5,1567262719
24,4,3.5,1482476388
67,5,2,1631739054
79,5,2.5,1660173091
85,5,3.5,1609980610
17,5,2.5,1677892260
93,5,5,1623374140
59,5,5,1474879893
20,5,4,1506507067
62,5,5,1701839105
89,5,3.5,1466305690
110,5,4,1511665626
41,5,2,1687958137
29,5,2,1461741673
104,5,2,1493132242
107,5,3.5,1716707902
50,5,5,1690655651
78,5,4.5,1440557182
49,5,2,1585086336
28,5,5,1514284814
5,5,2.5,1447260082
116,5,3,1522102165
84,5,4.5,1430078625
113,5,3,1733583880
95,5,2,1727509596
34,5,3.5,1665555484
7,5,2.5,1472058037
33,5,5,1430190175
96,5,3,1505182472
75,5,4.5,1500655541
8,5,4,1457582816
35,5,3,1463190058
100,5,5,1436958426
4,5,4.5,1679730536
52,5,5,1622712786
111,5,3.5,1561279183
2,5,3,1504406722
91,5,4.5,1448467012
65,5,2,1559165065
14,5,3.5,1462382723
15,6,2,1558894446
62,6,4.5,1513728331
10,6,4.5,1577114780
108,6,4,1700261336
114,6,5,1585647951
116,6,2,1629852587
37,6,3.5,1431399107
24,6,4.5,1464197174
96,6,2,1602716656
79,6,2.5,1631276961
77,6,3.5,1616407599
106,6,5,1688944170
58,6,5,1724023346
54,6,3,1719411155
33,6,4.5,1574205801
89,6,3,1554196448
120,6,4,1672020485
2,6,4,1429277159
84,6,3.5,1458869438
18,6,4.5,1506841975
47,6,4.5,1638140649
60,6,4,1644107854
53,6,2,1517478043
57,6,2.5,1440383414
71,6,3,1606512108
29,6,2.5,1438172315
94,6,2,1470596334
51,6,4,1444840254
109,6,2,1667908121
59,6,3.5,1668918242
113,6,3.5,1473132253
21,6,5,1676331909
22,6,3.5,1708469994
69,6,4,1528649578
99,6,4,1491064695
56,6,2.5,1455781108
19,6,2.5,1535127802
28,6,3.5,1444981441
27,6,4.5,1438632485
6,6,2.5,1568562479
40,6,3.5,1544853137
112,6,3,1702141369
87,6,5,1605799524
78,6,2,1640934009
16,7,4,1513030195
18,7,2,1563112338
117,7,5,1529127501
106,7,4,1559759940
94,7,4.5,1609894330
7,7,2,1628800858
68,7,3,1669213603
90,7,2,1537213877
67,7,3.5,1679982908
75,7,3,1647165423
81,7,2.5,1590191151
27,7,5,1726794616
114,7,5,1692438779
83,7,4.5,1553300188
32,7,3.5,1494879013
33,7,4.5,1468494128
64,7,5,1545125518
25,7,4.5,1619893742
36,7,3,1685877622
38,7,5,1592534536
55,7,3,1623806827
9,7,4,1701359967
98,7,3,1708462854
71,7,3.5,1589589296
20,7,5,1421955972
60,7,4.5,1596551757
109,7,2.5,1571041438
87,7,3.5,1575723216
59,7,3.5,1720879405
120,7,3.5,1484881032
119,7,3,1480862505
113,7,2,1645760517
69,7,2,1496751262
14,7,4,1452552907
41,7,4.5,1548517506
91,7,3.5,1612163431
46,7,2,1519256789
116,7,3.5,1645109822
88,7,4.5,1628172884
44,7,3.5,1642277198
54,7,2.5,1676085230
93,7,4.5,1473545392
3,7,3,1654120346
40,7,2.5,1659400468
72,7,3,1560905360
17,7,3,1423321810
111,7,5,1604669232
4,7,3,1723258128
1,7,2,1492151859
8,7,3,1675973239
118,7,4,1517688942
75,8,3.5,1578357361
87,8,2.5,1461292089
83,8,2.5,1446671241
6,8,3.5,1518832225
25,8,2.5,1491495833
15,8,2,1657886377
106,8,3,1487401518
98,8,2,1465905021
18,8,2,1611820457
103,8,2.5,1698431033
74,8,4,1583835872
29,8,2.5,1700914331
54,8,3,1733577693
97,8,4,1480026176
5,8,4,1470913115
11,8,2,1475116432
51,8,2.5,1557106922
99,8,3,1657248499
86,8,4.5,1542560811
117,8,4.5,1535460010
41,8,4.5,1671257938
10,8,3,1725175180
82,8,2,1519098123
13,8,2.5,1490708027
39,8,2.5,1569487350
17,8,4,1624861817
24,8,4.5,1515334940
109,8,4,1722129697
44,8,3.5,1735040217
12,8,5,1668314653
100,8,2.5,1568622822
63,8,4,1502370885
58,9,2.5,1635981691
38,9,2.5,1708743178
29,9,5,1633602369
82,9,2,1730292201
17,9,2,1629178803
64,9,4,1600391227
66,9,2.5,1657611967
80,9,2,1582460530
48,9,3,1650624380
70,9,4.5,1562614281
108,9,5,1692683235
35,9,3.5,1697344241
43,9,3.5,1556654802
62,9,4.5,1421583000
14,9,2.5,1652159232
50,9,2,1474353466
8,9,4.5,1550529156
75,9,3.5,1467858524
112,9,2,1645502822
111,9,3,1685474185
30,9,2.5,1642964422
31,9,5,1630264414
3,9,2.5,1619984142
42,9,4,1594643545
103,9,3,1460182913
102,9,2,1557974482
115,9,2,1663896616
61,9,3,1676184232
16,9,3.5,1724510713
57,9,3.5,1468263293
12,9,3.5,1582891844
45,9,5,1596757963
59,9,4.5,1563689846
2,9,3,1657793653
78,9,4.5,1686291482
91,9,4.5,1524047106
63,9,5,1530988323
13,9,4,1528918726
81,10,5,1647253080
25,10,4.5,1544601113
64,10,3,1712408218
100,10,4,1504769664
93,10,2.5,1534041660
1,10,3,1525649700
109,10,3.5,1504739861
38,10,4,1683262032
50,10,5,1589226456
97,10,2.5,1581124279
15,10,4,1520757559
45,10,2.5,1551223043
57,10,5,1466548144
35,10,3.5,1513143628
106,10,2,1722855253
2,10,5,1725021396
105,10,2,1612903965
111,10,2.5,1641632411
90,10,2,1461105782
19,10,3.5,1577089895
88,10,4.5,1697351265
21,10,4,1700892758
32,10,4,1559431961
87,10,2.5,1709032866
116,10,2.5,1694380220
70,10,3.5,1621594779
23,10,2,1466296068
26,10,4,1706596722
98,10,5,1426631794
66,10,5,1588821956
101,10,3,1512529628
61,10,3,1473972305
68,10,3.5,1606503126
104,10,4.5,1477915854
63,10,3,1630073270
82,10,5,1430307632
43,10,2.5,1474378705
20,10,4,1498694087
80,10,4,1457973118
30,10,3.5,1566409034
74,10,5,1612735627
10,10,4,1570477120
36,10,2,1536186976
34,10,4.5,1605506286
85,10,5,1562160349
92,10,2.5,1717303678
42,10,3,1568392313
14,10,2.5,1545765985
78,10,2.5,1438528687
8,10,4,1681019240
11,10,5,1714447333
47,10,2,1564803509
112,10,4.5,1628548249
86,10,2,1566658082
103,10,2.5,1477098808
18,10,2.5,1442545969
62,10,3.5,1542935841
113,10,2,1632255130
115,10,3,1427686185
91,10,5,1446754128
108,11,2,1640227884
85,11,3,1691993815
87,11,4.5,1629339766
86,11,2.5,1598621075
83,11,3.5,1724107445
62,11,4,1621153090
8,11,2,1565388393
17,11,5,1725188519
44,11,3,1489348834
74,11,2.5,1495024654
65,11,4,1592071180
72,11,3,1727692514
114,11,4,1629426952
10,11,5,1569380791
82,11,3,1613176937
111,11,2.5,1697642374
22,11,2.5,1449534171
89,11,3.5,1720918755
78,11,3,1641837261
26,11,5,1507940124
96,11,3.5,1512366308
51,11,4.5,1473809797
70,11,4,1566503654
4,11,4,1445174941
88,11,4,1721310123
55,11,5,1571479579
118,11,2,1706423164
101,11,5,1578350189
59,11,5,1427777318
87,12,2,1622180581
83,12,4,1589800248
103,12,2.5,1679059261
119,12,2,1613006659
60,12,5,1515366730
37,12,3,1597333705
56,12,4,1674993665
28,12,3,1721318125
65,12,3,1672584762
112,12,5,1670494926
51,12,3,1574866323
44,12,3,1546139652
100,12,5,1589789304
42,12,4,1735455300
22,12,3,1555639242
24,12,4,1517946745
118,12,3.5,1644779567
105,12,4.5,1463439747
45,12,2,1663334499
20,12,4.5,1621602793
39,12,4.5,1498316435
59,12,4,1615537803
5,12,4,1731158235
120,12,3.5,1560126493
61,12,3,1584384474
34,12,4.5,1425988638
74,12,4,1733873122
113,12,2,1622248406
12,12,5,1486435733
93,12,2.5,1573639539
84,12,3,1464159785
70,12,3.5,1430002083
80,12,3.5,1443134717
69,12,4.5,1538292851
117,12,4.5,1450410176
43,12,2.5,1503308229
38,12,3.5,1691250432
47,12,4.5,1665410030
104,13,2,1649035349
58,13,4.5,1446556093
78,13,4.5,1532484702
115,13,4,1703948524
112,13,3.5,1543741605
69,13,3.5,1671379820
45,13,2.5,1531898927
28,13,5,1601938716
27,13,4,1548146591
92,13,4,1507921755
7,13,5,1601289798
74,13,2,1428370122
108,13,3,1428286203
40,13,3.5,1457423049
17,13,4.5,1718381917
44,13,2.5,1540018303
64,13,2.5,1596359173
56,13,4.5,1715553136
116,13,5,1493516628
113,13,3.5,1579911541
76,13,4,1670095806
38,13,4,1728216217
3,13,4.5,1556045393
75,13,5,1621050972
33,13,2,1537401806
23,13,2.5,1640554053
63,13,2.5,1437893430
29,13,3.5,1587575209
53,13,3,1724011703
31,13,2.5,1533852283
97,13,3.5,1609463215
36,13,2.5,1421900081
81,13,4,1574118812
106,13,4.5,1428395500
2,13,3.5,1545565043
77,13,4,1473158377
67,13,2.5,1563953490
21,13,2.5,1625014402
93,13,4,1702334608
46,13,5,1728340733
120,13,2.5,1577712700
96,13,4.5,1700377348
16,13,3,1560147864
72,13,4,1535085669
22,13,3,1611138139
61,13,4,1660630391
109,13,2.5,1617215668
5,13,3,1525332194
86,13,2.5,1546658663
118,13,4,1499128399
34,13,4,1511932710
102,13,2,1697831087
105,13,2,1425673032
14,13,3.5,1698902999
70,13,4.5,1555532610
111,13,3.5,1507578299
59,13,2.5,1633384561
94,13,3,1556754198
83,13,4.5,1650693850
107,13,3.5,1557981416
12,13,4.5,1696313456
69,14,2,1546924085
73,14,2.5,1646672433
30,14,4,1571832589
81,14,2,1504119412
8,14,4,1513626465
54,14,4,1518609501
48,14,3,1599315912
26,14,2.5,1518127909
18,14,2,1717294664
109,14,2.5,1576575385
41,14,3,1655229774
72,14,2.5,1594898264
68,14,3.5,1705516232
116,14,4,1676926354
105,14,4.5,1597144728
11,14,5,1669570753
22,14,4,1724760138
36,14,4,1564166868
12,14,3,1549888147
90,14,4.5,1460446167
61,14,4.5,1499781586
93,14,3.5,1667761548
39,14,4,1663862799
79,14,5,1649451156
119,14,5,1709537969
14,14,3.5,1478482906
59,14,3.5,1544873783
115,14,3,1495365995
49,14,2,1519538036
57,14,3.5,1560060535
58,14,4,1591973745
20,14,3.5,1452428007
45,14,4,1497754179
46,14,4,1572556812
99,14,5,1689258633
55,14,3.5,1576248319
88,14,2,1706342115
80,14,4,1426769918
62,14,2,1635524076
89,15,2,1662581922
39,15,3,1618991498
7,15,4,1459036954
120,15,4,1673459050
62,15,3,1599840020
61,15,2.5,1616067341
4,15,4.5,1434615593
14,15,2,1429017975
84,15,2.5,1683416522
47,15,4.5,1637362105
21,15,3,1660191350
98,15,5,1682866997
41,15,2.5,1645854721
117,15,2,1591330697
82,15,3,1614755689
55,15,2,1711440983
36,15,3,1608633155
26,15,2,1540824352
43,15,4.5,1481334907
104,15,4,1587171987
57,15,3.5,1590141626
56,15,3,1506214516
45,15,4.5,1713148034
27,15,3.5,1448272779
83,15,4,1565707772
86,15,4.5,1524855098
101,15,3,1647705971
28,15,4.5,1422125724
59,15,5,1623350808
34,15,2.5,1682255346
65,15,3,1557536614
30,15,2,1537100263
112,15,3,1530921508
118,15,3.5,1695612077
68,15,2,1707955773
25,15,4.5,1450204302
119,15,2,1653113579
95,15,3,1653933264
11,15,5,1449693086
24,15,2.5,1512188136
88,15,4,1644570785
62,16,2,1735182948
49,16,2,1496296157
8,16,3,1432109779
11,16,2.5,1424839427
75,16,2.5,1596077176
1,16,3,1427752601
18,16,2.5,1733194657
71,16,4,1474424511
96,16,3.5,1474464884
12,16,4.5,1712140259
7,16,4.5,1668750658
33,16,4,1682962438
36,16,2,1558592843
68,16,2.5,1550856556
31,16,5,1537579718
47,16,3.5,1561812995
60,16,2,1649014674
21,16,3,1720309661
40,16,4,1548066537
81,16,4.5,1527575185
50,16,4.5,1649650670
46,16,4.5,1680904373
105,16,4.5,1508062513
86,16,5,1464262530
5,16,4.5,1490590554
101,16,3.5,1600907947
93,16,2,1523517768
82,16,2.5,1619511311
102,16,3,1536410995
61,16,3,1733291236
103,16,4,1685511659
80,16,4,1498679662
54,16,2,1614796256
44,16,4.5,1533252392
88,16,3,1567929330
58,16,3,1571967230
22,16,2,1547080275
24,16,5,1667635518
77,16,2.5,1568056993
70,16,2.5,1671425609
16,16,2,1589049502
27,16,2.5,1717093320
115,16,3.5,1457885913
35,16,4,1453456864
29,16,4,1642417791
20,16,4.5,1501451562
15,16,2.5,1632907386
99,16,4.5,1430857620
92,16,2.5,1515593092
32,16,4,1547057487
42,16,5,1511409994
56,16,4.5,1680960028
98,16,5,1579581836
108,16,3,1459310936
53,16,4,1440005731
110,16,4,1624635630
14,16,4,1556109149
76,16,3.5,1662188277
95,16,3.5,1598621255
41,16,2,1627258262
74,16,4.5,1428771911
83,16,5,1444399355
64,16,4,1561456098
118,16,2.5,1679092321
106,16,2.5,1446323767
19,16,3,1491658862
107,16,4,1444398266
67,16,2,1679365145
52,16,2.5,1669570619
63,16,3,1534256999
13,16,4.5,1592685939
117,16,2.5,1649297932
34,16,3,1701190724
85,16,4,1700593329
69,17,4.5,1686499748
81,17,2.5,1735080112
5,17,3,1591021711
72,17,5,1650906905
92,17,5,1597167148
115,17,2.5,1495254142
47,17,2,1484855833
90,17,2,1524472174
30,17,5,1486286108
76,17,2,1556112349
44,17,3.5,1649050286
24,17,2.5,1607822715
29,17,4,1724776236
63,17,2,1720029821
8,17,4.5,1631522064
105,17,3,1535896883
113,17,3,1733962513
59,17,2.5,1714257931
77,17,4.5,1624285059
71,17,2.5,1687809103
40,17,4,1632770446
79,17,2,1438142924
52,17,3,1705795293
7,17,3.5,1540651986
61,17,4.5,1471987785
22,17,3,1442982233
49,17,4.5,1656302218
4,17,4,1527804928
35,17,3.5,1478753286
111,17,4.5,1609084498
68,17,5,1614178135
15,17,4.5,1590641552
10,17,2,1457543000
48,17,5,1481654746
37,17,2.5,1691789885
36,17,2,1480537246
50,17,2.5,1580715687
107,17,4,1683136910
86,17,4,1723248432
16,17,2.5,1640838574
51,17,5,1529543949
100,17,4,1536904358
80,17,3.5,1685465257
32,17,3,1665588879
53,17,5,1683784241
46,17,5,1734705771
97,17,3.5,1442680954
66,17,3.5,1588073515
13,17,3,1532881003
1,17,5,1537278904
43,17,4,1534496087
96,17,2.5,1582844728
39,17,5,1527056513
9,17,2.5,1632225309
102,17,3.5,1597715589
73,17,5,1439540702
33,17,2.5,1523734601
60,17,3,1462257441
34,17,5,1496432175
94,17,5,1526533916
57,17,4.5,1478032255
78,17,5,1623298664
103,17,3.5,1568254215
31,17,2,1561563973
42,17,3,1677291898
56,17,2.5,1465299184
23,17,2,1487535814
84,17,3,1685056726
55,17,2,1557184373
117,17,3.5,1469247507
119,17,3.5,1586755934
89,17,2.5,1530806894
83,17,5,1548134789
54,17,2,1576432092
26,17,4.5,1728723860
95,17,3,1571543859
74,17,3.5,1499006873
118,17,4,1666460621
6,17,3,1448815215
104,18,2,1694938833
88,18,2.5,1570018394
79,18,2.5,1430111986
51,18,2,1678745574
85,18,2,1569590320
101,18,4,1459886202
3,18,3.5,1706944208
71,18,3,1684614420
38,18,3.5,1439415575
113,18,5,1536266915
67,18,4,1695801629
87,18,5,1449607492
111,18,2,1630887430
59,18,4,1485840035
12,18,4.5,1533395900
11,18,4,1543935463
91,18,4,1659743210
83,18,5,1611731504
16,18,2,1454712439
40,18,4.5,1612112638
3,19,5,1489334262
94,19,4.5,1578015526
63,19,3.5,1639325152
100,19,3.5,1502554125
2,19,3,1502657683
120,19,4,1566350862
97,19,4,1523395810
70,19,2.5,1493238534
9,19,2.5,1501598626
50,19,4.5,1421350296
105,19,4.5,1622183238
114,19,5,1668325778
37,19,3,1718428177
108,19,2,1654896277
48,19,2.5,1421269446
52,19,4,1434757214
16,19,4,1539035206
38,19,3.5,1730638852
56,19,3,1578488454
42,19,2,1684941460
15,19,3.5,1658677706
27,19,2.5,1528978774
64,19,2,1639247044
31,19,3,1430269070
7,20,3,1564859297
105,20,4.5,1544108926
37,20,4.5,1631679508
107,20,5,1479800523
82,20,4.5,1572048655
113,20,2.5,1599704415
103,20,3,1466955882
44,20,3.5,1615653482
31,20,2,1572632021
87,20,5,1482470438
43,20,4.5,1600048731
102,20,3.5,1516580483
76,20,2.5,1426359368
112,20,2.5,1601933110
54,20,5,1462486051
23,20,3.5,1698750250
32,20,3.5,1429728840
92,20,4,1641930488
111,20,4,1515013500
52,20,2,1600344599
69,20,3.5,1657676013
19,20,4,1469574708
114,20,5,1445557685
101,20,3.5,1693583636
120,20,3,1704345089
10,20,3,1676685994
81,20,4,1693832434
85,20,2,1675240464
55,20,2,1468149153
45,20,3,1533465014
15,20,5,1545095710
39,20,2,1672756484
117,20,3.5,1666917039
38,20,3.5,1696730561
62,20,4,1701693967
93,20,5,1543661232
3,20,4,1686726485
96,20,3.5,1706524239
60,20,2,1693556029
118,20,3.5,1590771240
21,20,4.5,1659463528
13,20,2,1573006859
75,20,3.5,1578968407
65,20,2.5,1519649326
80,20,4.5,1556123905
74,20,2,1563086294
95,20,2,1711233824
109,20,2.5,1686844708
27,20,5,1441980504
79,20,2,1646946604
34,20,3.5,1664371493
1,20,5,1515640897
86,20,4,1728606042
42,20,5,1726106920
58,20,4,1583863702
40,20,3.5,1682082325
104,20,3.5,1578568770
53,20,3.5,1517259432
5,20,4,1424456719
97,20,2,1675117540
48,20,2.5,1735446409
2,20,5,1704931862
24,20,3.5,1722722949
51,20,2.5,1684104123
119,20,4.5,1429966016
73,20,2,1632989696
6,20,4,1519934023
29,20,4,1609245310
89,20,3.5,1628030391
41,20,3,1566985909
16,20,4.5,1541576424
17,20,4,1506297629
70,20,2.5,1666044562
12,20,2.5,1530087539
35,20,4,1505121975
67,20,3.5,1704825035
59,20,3.5,1526761028
91,20,2.5,1623543508
66,20,4.5,1564410596
50,21,4.5,1531528720
26,21,4.5,1586919786
38,21,4,1725616980
18,21,4,1631247509
105,21,5,1633840135
16,21,4.5,1604928038
17,21,2.5,1678860714
82,21,2,1485956476
28,21,5,1569881069
84,21,3.5,1695665182
10,21,2.5,1720966737
69,21,4.5,1707782191
34,21,2.5,1698234026
104,21,2.5,1493243074
78,21,5,1714335041
31,21,5,1478713441
66,21,4.5,1453549481
71,21,3,1514540149
101,21,3,1688281952
57,21,2.5,1458484273
103,21,5,1694881614
46,21,2,1642548717
88,21,4,1459426580
32,21,3.5,1508196652
119,21,4,1515585502
8,21,2,1507075849
44,21,3.5,1541433856
97,21,5,1703854610
60,21,2,1569039310
2,21,3.5,1420086859
24,21,3.5,1551806993
73,21,2.5,1533684741
30,21,3.5,1569595842
93,21,5,1602809013
5,22,4,1588157721
82,22,3,1535566619
106,22,5,1497073335
99,22,4.5,1492148219
29,22,2.5,1486778305
86,22,3.5,1601267313
72,22,4,1619578282
112,22,5,1541829566
84,22,3,1477127548
114,22,2,1627760990
81,22,3,1432269251
71,22,3,1617817539
88,22,3,1554670197
62,22,4,1539089580
115,22,3,1619826936
104,22,2.5,1488176773
23,22,3,1593450696
87,22,3,1509266111
103,22,3,1479029255
1,22,2.5,1588648907
45,22,5,1509021669
3,22,3,1505954777
101,22,4.5,1708149545
58,22,4.5,1436827281
17,22,4.5,1627222167
69,22,4,1596204515
64,22,5,1622002087
61,22,4.5,1676884296
12,22,2.5,1684107785
40,22,3,1619178333
52,22,5,1445136159
32,22,5,1664004429
78,22,4.5,1664867351
111,22,5,1594696739
25,22,2.5,1421215309
6,22,2,1529516622
55,22,2,1695368335
18,22,2.5,1631459334
9,22,3.5,1632988177
16,22,2,1578889166
28,22,3.5,1665604058
113,22,4,1598497130
14,22,3.5,1427829145
68,22,5,1541110625
22,22,2.5,1704769284
31,22,3,1731557875
32,23,4.5,1485013639
49,23,3,1526193994
63,23,2,1429383343
45,23,5,1558190431
73,23,3,1494673218
22,23,5,1439355880
20,23,4,1493087090
25,23,3,1448446751
53,23,4,1669602839
8,23,4.5,1518252512
9,23,2.5,1721546413
77,23,5,1588585573
86,23,4,1483653365
69,23,4.5,1541815679
110,23,4,1714321085
29,23,3,1688393980
40,23,4.5,1689673498
75,23,4.5,1631286542
36,23,2.5,1577886262
104,23,3.5,1604121892
24,23,4.5,1538889397
107,23,2,1441088214
65,23,4,1716984462
52,23,2.5,1678436942
12,23,3,1551868062
61,23,4,1600548794
84,23,4.5,1487834704
30,23,3,1721712396
16,23,4.5,1613167721
120,23,3,1729807732
14,23,3.5,1637158240
93,23,4.5,1666357450
81,23,3,1534389176
1,23,5,1491544752
92,23,3.5,1449787299
13,23,2.5,1666211737
23,23,5,1670503664
3,23,5,1456194365
42,23,3,1651520809
54,23,5,1437910312
101,23,4.5,1716031575
60,23,3,1505489574
118,23,3.5,1726703752
98,23,3.5,1506943623
31,23,5,1469006808
19,23,4.5,1671650763
100,23,3,1483840363
97,23,4,1524973466
41,23,3,1698078880
18,23,3.5,1554505760
47,23,2,1650901187
62,23,2,1427746775
11,23,2,1536047017
117,23,3.5,1630651394
17,23,2.5,1614440221
102,23,4,1580281248
71,23,2,1647411523
115,23,3.5,1634016231
105,23,5,1667619234
56,23,3.5,1490404109
34,23,3,1707451534
7,23,4,1687382437
39,23,3,1685728253
96,23,5,1508472823
91,23,2.5,1508951245
89,23,2.5,1663179460
111,23,5,1435120167
116,23,4,1624305149
76,23,2.5,1593487231
114,23,4,1533991346
57,23,5,1537638952
95,23,3,1424168403
80,23,3,1439905621
21,23,3.5,1583887351
58,23,5,1493766181
8,24,5,1572603941
29,24,2.5,1492949329
19,24,2.5,1628753764
20,24,5,1477927875
108,24,2.5,1490182812
38,24,5,1456745213
74,24,3,1626236068
104,24,4.5,1543466807
14,24,5,1603418997
35,24,4,1485676300
90,24,2,1527347047
88,24,3,1550351759
4,24,4.5,1505922485
86,24,4,1581487451
68,24,3,1466181566
106,24,3,1579301175
85,24,3.5,1484888280
50,24,5,1681092179
115,24,3.5,1567330709
105,24,2.5,1484679140
22,24,4,1590501509
47,24,2.5,1426294922
13,24,4,1458015154
71,24,2,1554537774
59,24,2,1469715868
40,24,4,1506857135
97,24,2,1501348418
72,24,2.5,1431973592
34,24,4.5,1656952654
32,24,2.5,1734759828
17,24,3.5,1471706202
116,24,4.5,1567432843
15,25,5,1492893453
49,25,4.5,1442722861
116,25,2.5,1423952540
83,25,5,1726521219
62,25,5,1475839913
66,25,5,1722203040
86,25,5,1617798791
65,25,2.5,1505331127
18,25,5,1602257612
70,25,3.5,1509454661
107,25,3,1492173886
34,25,3.5,1457340660
75,25,2.5,1671693634
72,25,5,1554638281
114,25,4,1705281976
87,25,5,1681227031
111,25,2,1728769220
102,25,3.5,1679462388
106,25,2.5,1585939262
67,25,3.5,1557078541
55,25,3,1542901803
73,25,2,1702832801
50,25,2.5,1621193046
68,25,3,1553984637
53,25,3,1618311691
78,25,2.5,1511899730
40,25,5,1426251643
58,25,5,1567400519
5,25,3,1596263882
24,25,3.5,1482356209
38,25,5,1624965592
30,25,3.5,1456928578
28,25,5,1607309191
43,25,2.5,1476629741
1,25,4,1571559280
81,25,4.5,1644300908
27,25,4,1725227722
92,25,4.5,1421780167
61,25,3.5,1573415278
6,25,4,1632475913
11,25,3,1672642106
29,25,3.5,1429203400
26,25,2.5,1677220617
37,25,5,1525735073
32,25,2.5,1595433795
8,25,4,1549251812
36,25,5,1666426834
47,25,4.5,1568908886
51,25,2.5,1621289375
16,25,3,1499007134
85,25,3.5,1671342840
96,25,4,1507505365
9,25,2,1561096470
84,25,4,1730043442
118,25,3.5,1577793468
112,25,5,1425664347
77,25,4.5,1643321761
109,25,4.5,1722004136
119,25,2,1476435744
4,25,2.5,1656946023
23,25,4,1434376922
59,25,3,1486299239
57,25,2.5,1631517794
42,25,3,1455557111
10,25,2.5,1549017680
25,25,3,1455294874
12,25,3.5,1539961123
56,25,2,1635522223
60,25,4,1473740289
109,26,2.5,1560131485
30,26,4.5,1609393414
107,26,3.5,1552044314
56,26,3.5,1635481771
71,26,4.5,1669769448
85,26,5,1665304424
18,26,2.5,1637109887
88,26,3,1654726108
76,26,4,1451573176
99,26,4,1557448726
90,26,2,1577374250
28,26,2.5,1509042026
48,26,5,1705776922
43,26,4.5,1688667836
4,26,5,1692993042
77,26,2.5,1479866515
38,26,3.5,1630502229
52,26,3,1478488866
67,26,3,1601010917
23,26,4.5,1611096409
64,26,2,1476723773
20,26,5,1539154772
112,26,4,1716262633
118,26,3.5,1557170452
93,26,2.5,1685793455
75,26,2.5,1718085790
104,26,4,1654887042
92,26,4.5,1566569095
80,26,3,1445421925
46,26,5,1648437308
106,26,4,1601532010
89,26,5,1571095883
111,26,4,1427463792
15,26,2,1542905336
8,26,2.5,1446668370
98,26,2.5,1514611577
2,26,2,1575508558
115,26,4.5,1639533885
68,26,4.5,1522434641
42,26,3,1690114659
7,26,4,1449472085
103,26,3.5,1566077767
117,26,2.5,1700847764
37,26,2.5,1518225779
83,26,2,1514407337
105,26,3,1606275163
41,26,2.5,1579064457
114,26,2.5,1710472772
19,26,4.5,1682676984
35,26,3,1613292943
22,26,2,1615740598
6,26,5,1449901016
5,26,2,1620847850
81,26,2,1578454886
119,26,2.5,1688142554
69,26,4,1568073725
86,26,4,1672214096
9,26,3.5,1557786161
11,26,3.5,1423377551
34,26,5,1596564886
13,26,3.5,1442224233
96,26,2,1583235089
40,26,2,1596639010
63,26,2.5,1683253579
25,26,4.5,1476245415
31,26,4,1567720154
47,26,4.5,1517318396
54,26,3,1441994203
116,26,2.5,1600762853
21,26,2.5,1643540038
53,26,3,1451387547
50,26,3.5,1667147054
2,27,3.5,1511892394
109,27,3.5,1590076167
81,27,3.5,1667539947
103,27,3,1535061652
91,27,2,1641021744
113,27,3,1602598129
71,27,4.5,1511607102
106,27,5,1692777988
23,27,5,1488095887
89,27,2,1715738123
61,27,3,1587436847
80,27,2,1493800103
100,27,3,1510366084
120,27,5,1540527204
47,27,4.5,1443609772
115,27,5,1669539784
22,27,2,1695912290
117,27,5,1435547352
66,27,3.5,1560530863
18,27,5,1618037285
82,27,4,1506496667
98,27,3.5,1695304138
72,27,2.5,1695050372
20,27,4,1541858735
16,27,5,1695562633
92,27,4.5,1646051553
30,27,4,1722849737
35,27,3,1634352631
34,27,3.5,1637594200
13,27,3,1598048501
78,27,2.5,1698733202
3,27,2.5,1420117463
96,27,4,1619595404
36,27,3.5,1582498369
74,27,4,1599618934
45,27,3,1623822699
54,27,4.5,1630514023
26,27,2,1473721495
108,27,2.5,1547441575
4,27,4.5,1485997640
90,27,3.5,1458218773
70,27,3,1441920551
59,27,4.5,1498648302
57,27,4.5,1712638610
52,27,3.5,1528208182
116,27,3.5,1633626019
38,27,5,1628978523
104,27,3.5,1539110278
102,27,4,1592094965
105,27,3.5,1673861600
77,27,2,1705540359
97,27,5,1579067644
114,27,5,1566106905
17,27,3.5,1507148473
44,27,2,1553211045
33,27,3.5,1714267943
107,27,2,1482146030
62,27,2.5,1567926086
64,27,3,1474883930
68,27,2.5,1542042252
11,27,3.5,1720075523
50,27,2,1498128694
12,27,2.5,1496896544
48,27,2,1521448169
31,27,3.5,1470261789
46,27,4.5,1574358926
101,27,2.5,1550181985
49,27,5,1616721897
60,27,2,1567508219
88,27,4,1571377136
65,27,3.5,1574496810
55,27,5,1603247349
56,27,2,1473180838
76,27,5,1471306889
99,27,3,1435253339
39,27,5,1591026191
19,27,2.5,1633077094
69,27,2,1536895091
111,27,3,1532391859
9,27,5,1568461878
55,28,4,1583580986
117,28,2.5,1621103315
11,28,2.5,1723349642
39,28,3.5,1494846363
69,28,4.5,1726632408
100,28,4.5,1536061085
47,28,4.5,1456337403
20,28,3,1692654526
111,28,2.5,1597894262
103,28,2.5,1589986956
32,28,2,1534279888
64,28,3,1584197979
70,28,3.5,1516173617
106,28,3.5,1553448007
46,28,4.5,1606158303
120,28,2,1723377981
53,28,5,1622101971
44,28,5,1624576431
83,28,4.5,1611338962
43,28,2.5,1428250316
54,28,2.5,1513867426
58,28,2,1635291648
72,28,4,1569785931
66,28,2,1474954030
109,28,3,1556836088
61,28,4.5,1546568523
34,28,5,1708318108
5,28,4.5,1599448679
79,28,4,1579248150
93,28,3,1669410898
119,28,4.5,1727811060
65,28,2.5,1451825366
56,28,5,1504844053
51,28,2,1518285396
1,28,4.5,1642475880
50,28,2.5,1605333438
116,28,3,1697179724
67,28,5,1660083321
85,28,5,1478890485
95,28,4,1545835043
84,28,2.5,1627220280
59,28,3.5,1563088571
12,28,2.5,1674284799
62,28,4.5,1730458927
29,28,4,1578388384
80,28,4,1706485896
89,28,4,1623041220
2,28,2.5,1484881040
75,28,3,1692041844
77,28,4,1522751069
14,28,3.5,1425112977
37,28,3,1539822717
118,28,2.5,1420119452
97,28,2,1590650132
114,28,4,1710958055
101,28,2.5,1458586983
4,28,2,1653306174
63,28,5,1496755351
30,28,3.5,1719692921
19,28,2.5,1610686187
18,28,4.5,1532465010
6,28,4.5,1454438781
31,28,2,1559606326
90,28,5,1651079070
105,29,3,1634597897
15,29,4,1690002553
30,29,2,1572589258
89,29,2.5,1576066361
22,29,4,1577912180
33,29,4,1702429295
111,29,4.5,1617019111
67,29,4,1540158018
38,29,4,1727488343
114,29,5,1635048276
49,29,2.5,1677604837
59,29,4.5,1557797698
48,29,4.5,1482849940
109,29,4,1660969323
82,29,3.5,1602029081
83,29,3.5,1646441079
112,29,5,1454730945
64,29,2.5,1427191106
37,29,4.5,1515387867
29,29,2.5,1477404787
8,29,2.5,1539970762
54,29,4.5,1576704825
21,29,3,1562057505
19,29,2,1711630907
2,29,3.5,1698161500
74,29,2.5,1619076523
104,29,4,1537263576
39,29,2.5,1679659025
80,29,2,1550195146
11,29,2,1649468937
34,29,2.5,1481910245
18,29,3.5,1716028781
110,29,3.5,1607593320
47,29,4,1428104346
85,29,4,1473653683
62,29,2,1429927813
9,29,5,1427965707
23,29,3,1695708485
79,29,3.5,1646667143
93,29,3,1649565736
84,29,3,1603741131
24,29,4.5,1709274147
41,29,4,1660594522
87,29,4.5,1557653432
42,29,3.5,1527848127
63,29,3,1523014260
98,29,3,1569013517
53,29,4.5,1432499141
75,29,4,1641226670
76,29,5,1679699020
55,29,4,1464495567
116,29,2.5,1459772438
6,29,3.5,1477752207
26,29,2,1599651320
43,29,5,1430872125
32,29,4.5,1638609896
14,29,4,1454544207
100,29,3,1572984946
86,29,4.5,1677016745
72,30,3,1594198949
115,30,3,1465463492
33,30,5,1512474785
17,30,4.5,1543445111
108,30,2.5,1503062559
2,30,4,1440898287
120,30,5,1635161115
95,30,4.5,1470039161
53,30,4.5,1581155680
59,30,3.5,1493323086
40,30,3,1530061998
98,30,4,1673788103
66,30,3,1683469103
18,30,5,1469298483
50,30,4.5,1541898900
45,30,4,1507670428
5,30,3,1498153480
26,30,3.5,1486520128
12,30,3,1470267677
32,30,4,1735592861
104,30,3,1478414030
110,30,4,1464521434
87,30,4.5,1721691557
73,30,5,1575578433
28,30,2.5,1704657195
6,30,2,1696500577
107,30,3.5,1635097104
85,30,2,1466985522
10,30,3.5,1626377716
88,30,3.5,1478666216
24,30,4,1451198928
47,30,5,1511117237
41,30,5,1715640553
111,30,5,1519999909
74,30,3.5,1688383902
9,30,3.5,1645494728
62,30,2.5,1477893070
63,30,2,1651922587
36,30,2,1689693631
52,30,4,1721651674
100,30,3.5,1493507383